<?xml version="1.0" encoding="UTF-8"?>
<project-private xmlns="http://www.netbeans.org/ns/project-private/1">
    <editor-bookmarks xmlns="http://www.netbeans.org/ns/editor-bookmarks/2" lastBookmarkId="0"/>
    <open-files xmlns="http://www.netbeans.org/ns/projectui-open-files/2">
        <group>
            <file>file:/C:/Users/Lenovo/Documents/NetBeansProjects/DataSetCreation/src/FakeNewsDetector/OldDatasetCreation.java</file>
            <file>file:/C:/Users/Lenovo/Documents/NetBeansProjects/DataSetCreation/src/FakeNewsDetector/FakeNewsDetector.java</file>
            <file>file:/C:/Users/Lenovo/Documents/NetBeansProjects/DataSetCreation/src/FakeNewsDetector/TestingData.java</file>
            <file>file:/C:/Users/Lenovo/Documents/NetBeansProjects/DataSetCreation/src/FakeNewsDetector/DatasetRead.java</file>
            <file>file:/C:/Users/Lenovo/Documents/NetBeansProjects/DataSetCreation/src/FakeNewsDetector/UpdatedDatasetCreation.java</file>
        </group>
    </open-files>
</project-private>
